Time,X_axis,Y_axis,Z_axis,W_axis
2023-08-03 17:15,0.02747316,0.04189422,-0.00746697,0.9987164
2023-08-03 17:15,0.02373718,0.03308646,-0.006060362,0.9991522
2023-08-03 17:15,0.02179613,0.03056978,-0.005397567,0.9992804
2023-08-03 17:15,0.02124903,0.02982208,-0.005251567,0.9993156
2023-08-03 17:15,0.02107454,0.02964592,-0.005140114,0.999325
2023-08-03 17:16,0.02101954,0.02947363,-0.005157522,0.9993312
2023-08-03 17:16,0.02096518,0.02947326,-0.005137604,0.9993325
2023-08-03 17:16,0.02097718,0.02955897,-0.00512654,0.9993298
2023-08-03 17:16,0.02098412,0.02957214,-0.005148618,0.9993291
2023-08-03 17:16,0.02096855,0.02956321,-0.005127255,0.9993299
2023-08-03 17:16,0.02101739,0.02960662,-0.005137482,0.9993275
2023-08-03 17:17,0.02104568,0.02966252,-0.005111285,0.9993253
2023-08-03 17:17,0.02100692,0.02958426,-0.005118797,0.9993284
2023-08-03 17:17,0.0210166,0.02956304,-0.005100979,0.999329
2023-08-03 17:17,0.0209877,0.02957373,-0.005121804,0.9993291
2023-08-03 17:17,0.02101953,0.02957397,-0.005110756,0.9993285
2023-08-03 17:17,0.02097179,0.0294944,-0.005133956,0.9993318
2023-08-03 17:18,0.02104525,0.02957608,-0.00511437,0.9993279
2023-08-03 17:18,0.02097108,0.02951636,-0.005114014,0.9993312
2023-08-03 17:18,0.02102618,0.0295182,-0.005121931,0.99933
2023-08-03 17:18,0.02101631,0.02955271,-0.005137153,0.9993291
2023-08-03 17:18,0.02104636,0.02962977,-0.005140567,0.9993262
2023-08-03 17:18,0.02100569,0.02964654,-0.005130702,0.9993265
2023-08-03 17:19,0.02094842,0.02968406,-0.005133846,0.9993266
2023-08-03 17:19,0.02098344,0.02967462,-0.005169471,0.999326
2023-08-03 17:19,0.02106144,0.0296341,-0.005159312,0.9993256
2023-08-03 17:19,0.02101746,0.02964189,-0.00514103,0.9993264
2023-08-03 17:19,0.02101449,0.02962179,-0.005158896,0.9993269
2023-08-03 17:19,0.02097799,0.02967298,-0.00511532,0.9993265
2023-08-03 17:20,0.02098584,0.02970482,-0.005128717,0.9993253
2023-08-03 17:20,0.02095443,0.02967844,-0.005145731,0.9993266
2023-08-03 17:20,0.02102816,0.02965548,-0.00510603,0.9993259
2023-08-03 17:20,0.02102182,0.02969327,-0.005150275,0.9993247
2023-08-03 17:20,0.02100185,0.02961943,-0.005111538,0.9993275
2023-08-03 17:20,0.02106033,0.02969126,-0.005124988,0.9993241
2023-08-03 17:21,0.02099254,0.02969848,-0.005132938,0.9993253
2023-08-03 17:21,0.02091224,0.02963319,-0.005142609,0.9993289
2023-08-03 17:21,0.02094884,0.02961225,-0.005160071,0.9993287
2023-08-03 17:21,0.02099522,0.02960634,-0.005112556,0.9993281
2023-08-03 17:21,0.02101327,0.02959207,-0.005157587,0.9993278
2023-08-03 17:21,0.02103356,0.02963368,-0.005190325,0.999326
2023-08-03 17:22,0.02102527,0.02963037,-0.005124184,0.9993266
2023-08-03 17:22,0.02102526,0.02967836,-0.005103862,0.9993253
2023-08-03 17:22,0.02098336,0.02966578,-0.005126382,0.9993265
2023-08-03 17:22,0.02102462,0.02968374,-0.005142491,0.999325
2023-08-03 17:22,0.02096012,0.02962846,-0.005120789,0.9993281
2023-08-03 17:22,0.02099834,0.02969524,-0.00511058,0.9993253
2023-08-03 17:23,0.02099255,0.02964619,-0.005129215,0.9993269
2023-08-03 17:23,0.02100084,0.02967998,-0.005143214,0.9993256
2023-08-03 17:23,0.02100841,0.02964459,-0.005147087,0.9993265
2023-08-03 17:23,0.02099294,0.02968611,-0.005139258,0.9993256
2023-08-03 17:23,0.0209578,0.02967841,-0.005133023,0.9993266
2023-08-03 17:23,0.02098475,0.029757,-0.005150858,0.9993236
2023-08-03 17:24,0.02102194,0.02969311,-0.005134812,0.9993248
2023-08-03 17:24,0.02097747,0.02967288,-0.005106163,0.9993265
2023-08-03 17:24,0.02100575,0.02962916,-0.005120089,0.9993271
2023-08-03 17:24,0.02098705,0.02974014,-0.005129684,0.9993242
2023-08-03 17:24,0.02099577,0.02963959,-0.005109217,0.9993271
2023-08-03 17:24,0.02100878,0.02965466,-0.005124223,0.9993263
2023-08-03 17:25,0.02104854,0.02962965,-0.005109659,0.9993263
2023-08-03 17:25,0.02098911,0.02963113,-0.005124192,0.9993274
2023-08-03 17:25,0.02099129,0.02967361,-0.005140519,0.9993261
2023-08-03 17:25,0.02099422,0.02972668,-0.005128243,0.9993245
2023-08-03 17:25,0.02108314,0.0296992,-0.005100301,0.9993235
2023-08-03 17:25,0.02100326,0.02962716,-0.005112202,0.9993273
2023-08-03 17:26,0.02096812,0.02960813,-0.00511208,0.9993286
2023-08-03 17:26,0.02103904,0.02966826,-0.00513929,0.9993252
2023-08-03 17:26,0.02100873,0.02972816,-0.005139362,0.999324
2023-08-03 17:26,0.02104958,0.0298659,-0.005126337,0.9993191
2023-08-03 17:26,0.02102838,0.02990111,-0.005122143,0.9993185
2023-08-03 17:26,0.02099665,0.02987806,-0.005131049,0.9993199
2023-08-03 17:27,0.02096958,0.02988061,-0.005129305,0.9993203
2023-08-03 17:27,0.02099174,0.02989273,-0.005125773,0.9993195
2023-08-03 17:27,0.02097948,0.02998394,-0.005107811,0.9993172
2023-08-03 17:27,0.0209761,0.02992286,-0.005112002,0.999319
2023-08-03 17:27,0.02095356,0.02992085,-0.00512668,0.9993194
2023-08-03 17:27,0.02102043,0.02989292,-0.005117541,0.9993189
2023-08-03 17:28,0.02100087,0.02992232,-0.005116884,0.9993185
2023-08-03 17:28,0.02099727,0.02991014,-0.005154394,0.9993187
2023-08-03 17:28,0.02101123,0.02992685,-0.00514616,0.999318
2023-08-03 17:28,0.02099969,0.02991343,-0.005101732,0.9993189
2023-08-03 17:28,0.02102527,0.02990578,-0.005127386,0.9993184
2023-08-03 17:28,0.02104864,0.02985996,-0.00513006,0.9993193
2023-08-03 17:29,0.02099139,0.02991717,-0.005080336,0.9993191
2023-08-03 17:29,0.02097393,0.02989378,-0.005093174,0.9993201
2023-08-03 17:29,0.02094599,0.02996309,-0.005146362,0.9993182
2023-08-03 17:29,0.02096649,0.0299702,-0.005136903,0.9993176
2023-08-03 17:29,0.02096024,0.03001084,-0.005117064,0.9993166
2023-08-03 17:29,0.02101265,0.02996416,-0.00509744,0.9993172
2023-08-03 17:30,0.02102132,0.02993819,-0.005134271,0.9993175
2023-08-03 17:30,0.02106252,0.02993428,-0.005135344,0.9993168
2023-08-03 17:30,0.02096173,0.03000203,-0.005126473,0.9993169
2023-08-03 17:30,0.02098622,0.0299465,-0.005117477,0.9993181
2023-08-03 17:30,0.02098492,0.02994155,-0.005128429,0.9993182
2023-08-03 17:30,0.02100865,0.02997323,-0.00511402,0.9993168
2023-08-03 17:31,0.02101994,0.02991784,-0.005132114,0.9993181
2023-08-03 17:31,0.02096074,0.0299571,-0.00514198,0.9993181
2023-08-03 17:31,0.02101471,0.02997385,-0.005144869,0.9993165
2023-08-03 17:31,0.02100025,0.02993645,-0.005101957,0.9993182
2023-08-03 17:31,0.02106159,0.02996879,-0.005070075,0.9993161
2023-08-03 17:31,0.02097853,0.03000724,-0.005131585,0.9993163
2023-08-03 17:32,0.02097571,0.02995484,-0.005102555,0.9993181
2023-08-03 17:32,0.02101886,0.02992865,-0.005093055,0.9993181
2023-08-03 17:32,0.02099808,0.02987606,-0.00507206,0.9993201
2023-08-03 17:32,0.02102291,0.02998362,-0.005172096,0.999316
2023-08-03 17:32,0.02105679,0.02992913,-0.00510298,0.9993172
2023-08-03 17:32,0.02100533,0.02998807,-0.00511827,0.9993164
2023-08-03 17:33,0.0209777,0.02997606,-0.005126229,0.9993173
2023-08-03 17:33,0.02099813,0.0299548,-0.005174679,0.9993173
2023-08-03 17:33,0.02097177,0.02999004,-0.005119807,0.999317
2023-08-03 17:33,0.02103208,0.02998461,-0.005119162,0.999316
2023-08-03 17:33,0.02102954,0.0299468,-0.005096263,0.9993173
2023-08-03 17:33,0.02099936,0.02994195,-0.00513983,0.9993178
2023-08-03 17:34,0.02103131,0.02997217,-0.005108958,0.9993164
2023-08-03 17:34,0.02099628,0.02997924,-0.005145862,0.9993167
2023-08-03 17:34,0.02107787,0.0300429,-0.005102457,0.9993133
2023-08-03 17:34,0.02102581,0.02997144,-0.005123791,0.9993165
2023-08-03 17:34,0.02104739,0.03001335,-0.005128536,0.9993147
2023-08-03 17:34,0.02101981,0.03001249,-0.005073394,0.9993156
2023-08-03 17:35,0.02102572,0.03010926,-0.005130524,0.9993123
2023-08-03 17:35,0.02100356,0.03008658,-0.00512897,0.9993134
2023-08-03 17:35,0.02100551,0.03011877,-0.005112403,0.9993125
2023-08-03 17:35,0.02101831,0.03015905,-0.005110506,0.9993111
2023-08-03 17:35,0.02106564,0.03008101,-0.005122648,0.9993123
2023-08-03 17:35,0.02100097,0.03012871,-0.005062701,0.9993125
2023-08-03 17:36,0.02100684,0.03015473,-0.005118315,0.9993114
2023-08-03 17:36,0.02101249,0.03018506,-0.005147096,0.9993102
2023-08-03 17:36,0.02102053,0.03020684,-0.005133393,0.9993095
2023-08-03 17:36,0.02099187,0.03014836,-0.005134223,0.9993118
2023-08-03 17:36,0.02100767,0.03007163,-0.005123017,0.9993138
2023-08-03 17:36,0.02100821,0.03004352,-0.005111462,0.9993147
2023-08-03 17:37,0.0210054,0.03003138,-0.005151424,0.999315
2023-08-03 17:37,0.02103163,0.03000789,-0.005139629,0.9993151
2023-08-03 17:37,0.02101839,0.03004273,-0.00510066,0.9993145
2023-08-03 17:37,0.02099806,0.03002801,-0.00511915,0.9993154
2023-08-03 17:37,0.02099021,0.03002346,-0.005117434,0.9993157
2023-08-03 17:37,0.02099487,0.03004992,-0.005131249,0.9993147
2023-08-03 17:38,0.0209745,0.03011369,-0.005138938,0.9993132
2023-08-03 17:38,0.02102486,0.03010705,-0.005155222,0.9993122
2023-08-03 17:38,0.02102446,0.03006932,-0.005116509,0.9993136
2023-08-03 17:38,0.02098538,0.03007106,-0.005126925,0.9993142
2023-08-03 17:38,0.02103194,0.03009256,-0.005130035,0.9993126
2023-08-03 17:38,0.02101896,0.03011725,-0.005097424,0.9993124
2023-08-03 17:39,0.02098501,0.03012553,-0.005153318,0.9993125
2023-08-03 17:39,0.02104556,0.03016765,-0.00511072,0.9993102
2023-08-03 17:39,0.02098731,0.03014275,-0.005107272,0.9993122
2023-08-03 17:39,0.02105294,0.0301084,-0.005180193,0.9993115
2023-08-03 17:39,0.02104247,0.03018292,-0.005160271,0.9993096
2023-08-03 17:39,0.02101255,0.03013413,-0.005128582,0.9993118
2023-08-03 17:40,0.02104934,0.03016377,-0.005142907,0.9993101
2023-08-03 17:40,0.02101807,0.03007396,-0.005140065,0.9993135
2023-08-03 17:40,0.0210079,0.0301627,-0.005103792,0.9993111
2023-08-03 17:40,0.02093477,0.03018683,-0.005120699,0.9993119
2023-08-03 17:40,0.0209819,0.03020924,-0.005115537,0.9993102
2023-08-03 17:40,0.02098808,0.0301928,-0.005131656,0.9993106
2023-08-03 17:41,0.02092125,0.03016584,-0.005167909,0.9993126
2023-08-03 17:41,0.02102667,0.03011741,-0.005164182,0.9993119
2023-08-03 17:41,0.02095567,0.03011976,-0.005139739,0.9993134
2023-08-03 17:41,0.02100023,0.03011292,-0.005162882,0.9993126
2023-08-03 17:41,0.02094814,0.0301767,-0.00514909,0.9993118
2023-08-03 17:41,0.0209917,0.03013734,-0.005112598,0.9993123
2023-08-03 17:42,0.02101417,0.03014917,-0.005169939,0.9993111
2023-08-03 17:42,0.02101518,0.0302109,-0.005135823,0.9993094
2023-08-03 17:42,0.02097021,0.03017092,-0.005151211,0.9993115
2023-08-03 17:42,0.02099676,0.03028831,-0.005138912,0.9993075
2023-08-03 17:42,0.02102223,0.03021735,-0.005124337,0.9993091
2023-08-03 17:42,0.02095954,0.03021506,-0.005129601,0.9993104
2023-08-03 17:43,0.02100578,0.03023643,-0.005103762,0.9993089
2023-08-03 17:43,0.02099685,0.03021685,-0.005146442,0.9993096
2023-08-03 17:43,0.02097046,0.03019213,-0.005150846,0.9993109
2023-08-03 17:43,0.02103326,0.03020514,-0.005144359,0.9993092
2023-08-03 17:43,0.02098025,0.03015299,-0.0051522,0.9993119
2023-08-03 17:43,0.02098536,0.03018496,-0.005119391,0.9993109
2023-08-03 17:44,0.02094876,0.03022968,-0.005136068,0.9993103
2023-08-03 17:44,0.02095231,0.03016039,-0.005139259,0.9993123
2023-08-03 17:44,0.02098002,0.03021308,-0.005142083,0.9993101
2023-08-03 17:44,0.02095628,0.03026852,-0.005121542,0.9993089
2023-08-03 17:44,0.02100974,0.0303349,-0.005127894,0.9993058
2023-08-03 17:44,0.0209791,0.0302762,-0.005136654,0.9993082
2023-08-03 17:45,0.02099103,0.03030545,-0.005116752,0.9993072
2023-08-03 17:45,0.02098783,0.03035503,-0.005122689,0.9993057
2023-08-03 17:45,0.02099267,0.03034828,-0.005144199,0.9993057
2023-08-03 17:45,0.02098114,0.03033291,-0.00514218,0.9993064
2023-08-03 17:45,0.02098211,0.03029429,-0.005122376,0.9993076
2023-08-03 17:45,0.02104387,0.03025899,-0.005133679,0.9993073
2023-08-03 17:46,0.02106196,0.0303538,-0.005131189,0.9993042
2023-08-03 17:46,0.0209918,0.03028826,-0.005153187,0.9993075
2023-08-03 17:46,0.02098194,0.03030324,-0.005142137,0.9993073
2023-08-03 17:46,0.020987,0.03033079,-0.005133589,0.9993064
2023-08-03 17:46,0.02098439,0.03028998,-0.005148954,0.9993076
2023-08-03 17:46,0.0209901,0.03027598,-0.00514074,0.999308
2023-08-03 17:47,0.02101219,0.03032216,-0.00513655,0.9993061
2023-08-03 17:47,0.0210316,0.03035185,-0.005181935,0.9993046
2023-08-03 17:47,0.02099353,0.03028939,-0.005177229,0.9993073
2023-08-03 17:47,0.0209716,0.03036301,-0.005166818,0.9993055
2023-08-03 17:47,0.02094509,0.03034736,-0.00514083,0.9993067
2023-08-03 17:47,0.02098239,0.03032652,-0.00514573,0.9993066
2023-08-03 17:48,0.02098167,0.03029338,-0.005110723,0.9993078
2023-08-03 17:48,0.02099689,0.03034214,-0.005130806,0.9993059
2023-08-03 17:48,0.02098553,0.03035359,-0.005093281,0.9993059
2023-08-03 17:48,0.02099545,0.03030602,-0.005137496,0.9993069
2023-08-03 17:48,0.02097712,0.03037243,-0.005172079,0.9993051
2023-08-03 17:48,0.02096546,0.03033673,-0.005116161,0.9993068
2023-08-03 17:49,0.02096371,0.03034602,-0.005144045,0.9993063
2023-08-03 17:49,0.02095284,0.0304024,-0.005173313,0.9993047
2023-08-03 17:49,0.02097596,0.03038707,-0.005144611,0.9993049
2023-08-03 17:49,0.02097371,0.0304195,-0.005110992,0.9993041
2023-08-03 17:49,0.02099822,0.03040549,-0.00514134,0.9993039
2023-08-03 17:49,0.02099416,0.03040216,-0.005152637,0.9993039
2023-08-03 17:50,0.02099761,0.0304,-0.0051666,0.9993039
2023-08-03 17:50,0.02097554,0.03046714,-0.005144523,0.9993024
2023-08-03 17:50,0.02100506,0.03041697,-0.005162244,0.9993032
2023-08-03 17:50,0.02108688,0.03039592,-0.005142001,0.9993023
2023-08-03 17:50,0.02097684,0.03040642,-0.005152297,0.9993042
2023-08-03 17:50,0.02101996,0.03047596,-0.005145193,0.9993012
2023-08-03 17:51,0.02097539,0.03046879,-0.00517964,0.9993022
2023-08-03 17:51,0.02099359,0.03047363,-0.005121409,0.999302
2023-08-03 17:51,0.0209667,0.03046634,-0.005137622,0.9993027
2023-08-03 17:51,0.0209877,0.03043482,-0.005154499,0.9993031
2023-08-03 17:51,0.02101172,0.03050215,-0.005169216,0.9993005
2023-08-03 17:51,0.02095938,0.0304636,-0.005157323,0.9993028
2023-08-03 17:52,0.02102034,0.03047974,-0.005095127,0.9993014
2023-08-03 17:52,0.02101149,0.03049902,-0.005173069,0.9993006
2023-08-03 17:52,0.02096226,0.03046376,-0.00515469,0.9993027
2023-08-03 17:52,0.0209976,0.03043455,-0.005118027,0.9993031
2023-08-03 17:52,0.02099988,0.03046565,-0.005154551,0.9993019
2023-08-03 17:52,0.02097686,0.03047054,-0.005152967,0.9993022
2023-08-03 17:53,0.02098754,0.03037483,-0.005122552,0.9993051
2023-08-03 17:53,0.02098324,0.03042201,-0.005127849,0.9993037
2023-08-03 17:53,0.02098088,0.03040632,-0.00517296,0.999304
2023-08-03 17:53,0.02100277,0.03043631,-0.005171198,0.9993027
2023-08-03 17:53,0.02098414,0.03043574,-0.005168518,0.9993031
2023-08-03 17:53,0.02100971,0.03047084,-0.00516563,0.9993015
2023-08-03 17:54,0.02099816,0.03052065,-0.005172191,0.9993002
2023-08-03 17:54,0.02098282,0.03053074,-0.005151897,0.9993002
2023-08-03 17:54,0.02099374,0.03052544,-0.005176642,0.9993001
2023-08-03 17:54,0.02097712,0.03055742,-0.00516899,0.9992995
2023-08-03 17:54,0.02101003,0.03052465,-0.005153528,0.9992999
2023-08-03 17:54,0.02100325,0.03049088,-0.005169173,0.999301
2023-08-03 17:55,0.02098815,0.03053864,-0.005166028,0.9992998
2023-08-03 17:55,0.02098712,0.03054737,-0.005145965,0.9992997
2023-08-03 17:55,0.02095447,0.03053379,-0.005139743,0.9993008
2023-08-03 17:55,0.02100866,0.03052353,-0.005157197,0.9992999
2023-08-03 17:55,0.02099539,0.03056558,-0.005116474,0.9992992
2023-08-03 17:55,0.02098487,0.03051943,-0.005154035,0.9993005
2023-08-03 17:56,0.02097196,0.03050524,-0.005120791,0.9993015
2023-08-03 17:56,0.02100152,0.0304982,-0.005148348,0.999301
2023-08-03 17:56,0.02103334,0.03053831,-0.005136486,0.999299
2023-08-03 17:56,0.02096958,0.03053632,-0.005146212,0.9993004
2023-08-03 17:56,0.02103048,0.03057124,-0.005148821,0.999298
2023-08-03 17:56,0.02097873,0.03054615,-0.005150291,0.9992999
2023-08-03 17:57,0.02095887,0.03055976,-0.005140217,0.9992999
2023-08-03 17:57,0.0209673,0.03056682,-0.005161755,0.9992995
2023-08-03 17:57,0.02102165,0.03052017,-0.005129228,0.9992999
2023-08-03 17:57,0.0210071,0.03052331,-0.00513415,0.9993001
2023-08-03 17:57,0.02098625,0.03052546,-0.005140489,0.9993004
2023-08-03 17:57,0.02098921,0.03059577,-0.005144369,0.9992982
2023-08-03 17:58,0.02100815,0.03059496,-0.005145944,0.9992978
2023-08-03 17:58,0.02100924,0.03063597,-0.005147796,0.9992965
2023-08-03 17:58,0.0209764,0.03068496,-0.005175635,0.9992956
2023-08-03 17:58,0.02094471,0.03066214,-0.005154916,0.999297
2023-08-03 17:58,0.02096077,0.03067788,-0.005123915,0.9992964
2023-08-03 17:58,0.02102531,0.03061284,-0.005152849,0.9992968
2023-08-03 17:59,0.02098973,0.03058889,-0.005108761,0.9992986
2023-08-03 17:59,0.02094265,0.0305792,-0.005180082,0.9992995
2023-08-03 17:59,0.02098238,0.03067016,-0.005139121,0.999296
2023-08-03 17:59,0.02095485,0.03062722,-0.005185568,0.9992978
2023-08-03 17:59,0.02096649,0.03058656,-0.005144171,0.9992989
2023-08-03 17:59,0.02098461,0.03065594,-0.005133527,0.9992965
2023-08-03 18:00,0.02097159,0.03072206,-0.005101061,0.9992949
2023-08-03 18:00,0.02101746,0.03069513,-0.005142482,0.9992946
2023-08-03 18:00,0.02101285,0.0306638,-0.005143332,0.9992956
2023-08-03 18:00,0.02101448,0.03065038,-0.005159527,0.9992959
2023-08-03 18:00,0.02102381,0.0306276,-0.005103644,0.9992967
2023-08-03 18:00,0.02104696,0.03060278,-0.005103905,0.999297
2023-08-03 18:01,0.02098453,0.03068154,-0.005145571,0.9992957
2023-08-03 18:01,0.02103394,0.03073848,-0.005115712,0.999293
2023-08-03 18:01,0.02095453,0.03069892,-0.005148403,0.9992958
2023-08-03 18:01,0.02099277,0.0306512,-0.005178859,0.9992962
2023-08-03 18:01,0.02096474,0.03065002,-0.005100494,0.9992973
2023-08-03 18:01,0.02101737,0.03067526,-0.005141903,0.9992952
2023-08-03 18:02,0.02104346,0.03060385,-0.005128916,0.9992968
2023-08-03 18:02,0.02101005,0.03064666,-0.005124123,0.9992963
2023-08-03 18:02,0.02102906,0.03066456,-0.005174784,0.9992951
2023-08-03 18:02,0.02102937,0.0306762,-0.005160713,0.9992948
2023-08-03 18:02,0.02104354,0.03065393,-0.005175426,0.9992951
2023-08-03 18:02,0.02099616,0.0306522,-0.005163667,0.9992962
2023-08-03 18:03,0.02101898,0.03062142,-0.00509714,0.9992971
2023-08-03 18:03,0.02098404,0.03065402,-0.00513288,0.9992966
2023-08-03 18:03,0.02097524,0.03064817,-0.005181931,0.9992967
2023-08-03 18:03,0.02097255,0.03064594,-0.005167945,0.9992968
2023-08-03 18:03,0.02097925,0.0307115,-0.005137302,0.9992949
2023-08-03 18:03,0.02096878,0.03067067,-0.005148262,0.9992963
2023-08-03 18:04,0.02099554,0.03066046,-0.005125971,0.9992961
2023-08-03 18:04,0.02100933,0.0307135,-0.005165972,0.9992941
2023-08-03 18:04,0.02097948,0.03069383,-0.005160742,0.9992954
2023-08-03 18:04,0.02094135,0.0307259,-0.005137629,0.9992953
2023-08-03 18:04,0.02100491,0.03070604,-0.005089657,0.9992948
2023-08-03 18:04,0.02100587,0.03069629,-0.005127248,0.9992948
2023-08-03 18:05,0.02093118,0.03067637,-0.005113972,0.9992971
2023-08-03 18:05,0.02098993,0.0307586,-0.005118696,0.9992933
2023-08-03 18:05,0.02097976,0.03077663,-0.005167755,0.9992927
2023-08-03 18:05,0.02099582,0.03073493,-0.005108133,0.999294
2023-08-03 18:05,0.02098989,0.03079321,-0.005132356,0.9992921
2023-08-03 18:05,0.02095267,0.03080798,-0.005136646,0.9992925
2023-08-03 18:06,0.02091715,0.03078775,-0.005111997,0.999294
2023-08-03 18:06,0.02093389,0.03072729,-0.005109377,0.9992956
2023-08-03 18:06,0.0209873,0.03068656,-0.005180431,0.9992953
2023-08-03 18:06,0.0210124,0.03073046,-0.005141585,0.9992936
2023-08-03 18:06,0.02094348,0.03077933,-0.005179806,0.9992933
2023-08-03 18:06,0.02098155,0.03078745,-0.005144475,0.9992924
2023-08-03 18:07,0.02092798,0.03073946,-0.005169703,0.9992949
2023-08-03 18:07,0.02098402,0.03078169,-0.005136518,0.9992927
2023-08-03 18:07,0.02096929,0.03079709,-0.005182343,0.9992923
2023-08-03 18:07,0.02095701,0.03084125,-0.005129261,0.9992914
2023-08-03 18:07,0.02094094,0.03078863,-0.005187431,0.9992931
2023-08-03 18:07,0.02097065,0.03073736,-0.005133818,0.9992943
2023-08-03 18:08,0.02097389,0.03079069,-0.005135724,0.9992926
2023-08-03 18:08,0.0209122,0.03081836,-0.005119291,0.9992931
2023-08-03 18:08,0.02095658,0.03078589,-0.005129585,0.9992931
2023-08-03 18:08,0.02099257,0.03079626,-0.00514027,0.999292
2023-08-03 18:08,0.02097411,0.03081561,-0.005116112,0.9992918
2023-08-03 18:08,0.02097269,0.03083198,-0.005142593,0.9992912
2023-08-03 18:09,0.02097667,0.03080937,-0.005146382,0.9992919
2023-08-03 18:09,0.02094209,0.03087682,-0.00515646,0.9992905
2023-08-03 18:09,0.02099886,0.03081062,-0.005109023,0.9992916
2023-08-03 18:09,0.02095507,0.03078769,-0.005132833,0.9992931
2023-08-03 18:09,0.02098305,0.03080184,-0.005145605,0.999292
2023-08-03 18:09,0.02097273,0.03080416,-0.005127987,0.9992922
2023-08-03 18:10,0.02098203,0.03086061,-0.005128962,0.9992902
2023-08-03 18:10,0.02095792,0.03085669,-0.005119087,0.9992909
2023-08-03 18:10,0.02089354,0.03087857,-0.005132327,0.9992915
2023-08-03 18:10,0.02097584,0.03083132,-0.0051591,0.9992912
2023-08-03 18:10,0.02096098,0.03085542,-0.005119112,0.9992909
2023-08-03 18:10,0.02097513,0.03085785,-0.005117735,0.9992906
2023-08-03 18:11,0.02098419,0.0308526,-0.005181288,0.9992903
2023-08-03 18:11,0.02100643,0.03092263,-0.005108431,0.999288
2023-08-03 18:11,0.02093321,0.03089572,-0.005167359,0.99929
2023-08-03 18:11,0.02096449,0.03091252,-0.005126721,0.999289
2023-08-03 18:11,0.02094202,0.0308649,-0.005147617,0.9992909
2023-08-03 18:11,0.02097296,0.03096225,-0.005114797,0.9992874
2023-08-03 18:12,0.02094422,0.03089962,-0.00514015,0.9992898
2023-08-03 18:12,0.02094422,0.03087367,-0.005161081,0.9992905
2023-08-03 18:12,0.02095881,0.03083382,-0.00513441,0.9992915
2023-08-03 18:12,0.02095938,0.03084941,-0.005116003,0.9992911
2023-08-03 18:12,0.02101415,0.03087868,-0.005117057,0.9992891
2023-08-03 18:12,0.02100422,0.03090852,-0.005113133,0.9992884
2023-08-03 18:13,0.02096687,0.03096706,-0.005190614,0.999287
2023-08-03 18:13,0.02094973,0.03098455,-0.005182373,0.9992869
2023-08-03 18:13,0.02100727,0.03101866,-0.00512349,0.9992849
2023-08-03 18:13,0.02097019,0.03106744,-0.005154618,0.999284
2023-08-03 18:13,0.0209787,0.0311009,-0.005160955,0.9992827
2023-08-03 18:13,0.02098603,0.0310624,-0.005147063,0.9992839
2023-08-03 18:14,0.02096505,0.03104513,-0.005162387,0.9992848
2023-08-03 18:14,0.02094835,0.03102434,-0.005175788,0.9992856
2023-08-03 18:14,0.02093931,0.03104767,-0.005139666,0.9992853
2023-08-03 18:14,0.02091542,0.03106475,-0.005153652,0.9992853
2023-08-03 18:14,0.02096776,0.03116618,-0.005177813,0.9992808
2023-08-03 18:14,0.02091722,0.03111,-0.005160089,0.9992837
2023-08-03 18:15,0.02099037,0.03108041,-0.005167726,0.9992831
2023-08-03 18:15,0.02091516,0.03103653,-0.005153134,0.9992861
2023-08-03 18:15,0.02094692,0.03108618,-0.005154865,0.9992839
2023-08-03 18:15,0.02099969,0.03108556,-0.005164834,0.9992827
2023-08-03 18:15,0.0209036,0.03110408,-0.005168538,0.9992841
2023-08-03 18:15,0.02096685,0.03110796,-0.00519196,0.9992827
2023-08-03 18:16,0.02096855,0.03116255,-0.005185057,0.9992809
2023-08-03 18:16,0.02090597,0.03119691,-0.005196274,0.9992811
2023-08-03 18:16,0.0209092,0.03116099,-0.005202834,0.9992821
2023-08-03 18:16,0.02096437,0.03111911,-0.005160882,0.9992824
2023-08-03 18:16,0.02096676,0.03121368,-0.005151647,0.9992795
2023-08-03 18:16,0.02089416,0.03121271,-0.005175633,0.9992809
2023-08-03 18:17,0.02091369,0.03117607,-0.00517382,0.9992816
2023-08-03 18:17,0.02096801,0.03118791,-0.005138691,0.9992804
2023-08-03 18:17,0.0209488,0.03124954,-0.005171374,0.9992787
2023-08-03 18:17,0.02094959,0.0311959,-0.005132422,0.9992806
2023-08-03 18:17,0.02091288,0.03115964,-0.005174445,0.9992822
2023-08-03 18:17,0.02093923,0.03120798,-0.005183221,0.9992801
2023-08-03 18:18,0.02096727,0.03121111,-0.005137599,0.9992797
2023-08-03 18:18,0.02091233,0.03122255,-0.00518512,0.9992803
2023-08-03 18:18,0.02096027,0.03123557,-0.005155877,0.9992789
2023-08-03 18:18,0.02094132,0.03123849,-0.005182169,0.9992791
2023-08-03 18:18,0.02094922,0.03122822,-0.005203825,0.9992791
2023-08-03 18:18,0.02093828,0.03127176,-0.005174492,0.9992782
2023-08-03 18:19,0.02093338,0.03120122,-0.005160151,0.9992806
2023-08-03 18:19,0.02095593,0.0312132,-0.005174443,0.9992796
2023-08-03 18:19,0.02096342,0.03125397,-0.005158853,0.9992783
2023-08-03 18:19,0.02094293,0.031263,-0.005178217,0.9992783
2023-08-03 18:19,0.02100868,0.03123101,-0.005169617,0.999278
2023-08-03 18:19,0.02089991,0.03121624,-0.005183031,0.9992807
2023-08-03 18:20,0.02095276,0.03125446,-0.005163257,0.9992785
2023-08-03 18:20,0.0209563,0.03130196,-0.005143251,0.999277
2023-08-03 18:20,0.0209354,0.03127914,-0.005163418,0.9992781
2023-08-03 18:20,0.02094142,0.03124333,-0.005167773,0.9992791
2023-08-03 18:20,0.02093726,0.03132967,-0.005128587,0.9992766
2023-08-03 18:20,0.02097332,0.03129821,-0.005172466,0.9992766
2023-08-03 18:21,0.02096357,0.03128789,-0.005177099,0.9992772
2023-08-03 18:21,0.02093843,0.03134875,-0.005145716,0.9992759
2023-08-03 18:21,0.02095041,0.03128886,-0.005184649,0.9992774
2023-08-03 18:21,0.02098256,0.03128999,-0.005186983,0.9992766
2023-08-03 18:21,0.02098004,0.03131675,-0.005186981,0.9992759
2023-08-03 18:21,0.02091358,0.03129369,-0.005188159,0.9992779
2023-08-03 18:22,0.02090351,0.03136126,-0.005189548,0.9992761
2023-08-03 18:22,0.02092242,0.03136695,-0.005156802,0.9992756
2023-08-03 18:22,0.020963,0.03131412,-0.005172302,0.9992764
2023-08-03 18:22,0.02088827,0.03128599,-0.005180941,0.9992787
2023-08-03 18:22,0.02095479,0.03125623,-0.005172861,0.9992784
2023-08-03 18:22,0.02096783,0.03126784,-0.005152195,0.9992778
2023-08-03 18:23,0.02093552,0.03128592,-0.005136943,0.999278
2023-08-03 18:23,0.02092331,0.0313258,-0.005183122,0.9992768
2023-08-03 18:23,0.02093132,0.03133927,-0.005172205,0.9992762
2023-08-03 18:23,0.02091273,0.03131217,-0.005172098,0.9992775
2023-08-03 18:23,0.02091129,0.03132053,-0.005174587,0.9992772
2023-08-03 18:23,0.02087976,0.03125362,-0.005202021,0.9992798
2023-08-03 18:24,0.02093247,0.03128208,-0.005173614,0.999278
2023-08-03 18:24,0.02090614,0.03129825,-0.005154927,0.9992781
2023-08-03 18:24,0.02093167,0.03124153,-0.005177272,0.9992793
2023-08-03 18:24,0.02096035,0.03133659,-0.005141017,0.9992758
2023-08-03 18:24,0.02092288,0.031291,-0.005184912,0.9992779
2023-08-03 18:24,0.02092992,0.03128016,-0.005144722,0.9992782
2023-08-03 18:25,0.0209264,0.03134345,-0.005179776,0.9992762
2023-08-03 18:25,0.02091145,0.03136591,-0.005198807,0.9992757
2023-08-03 18:25,0.02090927,0.03138178,-0.005191687,0.9992752
2023-08-03 18:25,0.02091303,0.03139598,-0.005171823,0.9992748
2023-08-03 18:25,0.02094439,0.03133077,-0.005138721,0.9992763
2023-08-03 18:25,0.02092941,0.03129372,-0.005163386,0.9992777
2023-08-03 18:26,0.02091825,0.03133141,-0.005146342,0.9992769
2023-08-03 18:26,0.02087344,0.0313237,-0.005193989,0.9992778
2023-08-03 18:26,0.02091053,0.03131641,-0.005212192,0.9992772
2023-08-03 18:26,0.02091587,0.03127899,-0.005176499,0.9992784
2023-08-03 18:26,0.02092157,0.03127728,-0.005165095,0.9992784
2023-08-03 18:26,0.02092698,0.03129139,-0.005147585,0.9992779
2023-08-03 18:27,0.02090724,0.03127963,-0.005184168,0.9992785
2023-08-03 18:27,0.02091021,0.03124687,-0.005176952,0.9992795
2023-08-03 18:27,0.02092912,0.03125817,-0.005175417,0.9992788
2023-08-03 18:27,0.02091979,0.03126953,-0.00515269,0.9992787
2023-08-03 18:27,0.02091419,0.03134312,-0.005163428,0.9992765
2023-08-03 18:27,0.02096869,0.0313687,-0.005144318,0.9992747
2023-08-03 18:28,0.0209593,0.03138789,-0.005147913,0.9992743
2023-08-03 18:28,0.02088511,0.03139986,-0.005192992,0.9992752
2023-08-03 18:28,0.02092759,0.03135522,-0.005154959,0.9992759
2023-08-03 18:28,0.02091735,0.03133374,-0.005191803,0.9992766
2023-08-03 18:28,0.02091145,0.03138409,-0.005151432,0.9992753
2023-08-03 18:28,0.02092902,0.03139313,-0.005154876,0.9992747
2023-08-03 18:29,0.02089831,0.03139954,-0.005224394,0.9992747
2023-08-03 18:29,0.02094603,0.03136627,-0.005187713,0.999275
2023-08-03 18:29,0.02088706,0.03134619,-0.005125757,0.9992772
2023-08-03 18:29,0.02086199,0.03135279,-0.005161966,0.9992773
2023-08-03 18:29,0.02088924,0.03138428,-0.005176016,0.9992757
2023-08-03 18:29,0.02088238,0.0313567,-0.005158826,0.9992768
2023-08-03 18:30,0.02088715,0.03141843,-0.0051594,0.9992747
2023-08-03 18:30,0.02087617,0.03140073,-0.005150705,0.9992756
2023-08-03 18:30,0.02088185,0.03137066,-0.005154682,0.9992764
2023-08-03 18:30,0.02086874,0.0314287,-0.005198965,0.9992746
2023-08-03 18:30,0.02092143,0.03135444,-0.005179659,0.9992759
2023-08-03 18:30,0.02083712,0.03139343,-0.005203551,0.9992763
2023-08-03 18:31,0.02087795,0.03139092,-0.00516787,0.9992757
2023-08-03 18:31,0.02084897,0.03133448,-0.005169962,0.9992781
2023-08-03 18:31,0.02088806,0.0313975,-0.005211723,0.9992751
2023-08-03 18:31,0.02094092,0.03138261,-0.005154992,0.9992747
2023-08-03 18:31,0.02088988,0.03145762,-0.005155534,0.9992735
2023-08-03 18:31,0.0209334,0.03144823,-0.005200663,0.9992726
2023-08-03 18:32,0.02094348,0.03147351,-0.005230108,0.9992715
2023-08-03 18:32,0.0208743,0.03140125,-0.005176662,0.9992755
2023-08-03 18:32,0.02090805,0.0314495,-0.00520811,0.9992731
2023-08-03 18:32,0.02089751,0.03142541,-0.005180467,0.9992742
2023-08-03 18:32,0.02091907,0.03146183,-0.005190694,0.9992726
2023-08-03 18:32,0.02092661,0.0313917,-0.00513653,0.9992748
2023-08-03 18:33,0.0209311,0.03136709,-0.005196392,0.9992753
2023-08-03 18:33,0.02095065,0.03139233,-0.005196038,0.9992741
2023-08-03 18:33,0.02096608,0.0314445,-0.005191224,0.9992721
2023-08-03 18:33,0.02091405,0.03141369,-0.005187775,0.9992742
2023-08-03 18:33,0.02091645,0.03141937,-0.005197352,0.9992739
2023-08-03 18:33,0.02089128,0.03151656,-0.005193635,0.9992714
2023-08-03 18:34,0.02092343,0.03148251,-0.005205551,0.9992718
2023-08-03 18:34,0.0208911,0.03151441,-0.005218951,0.9992713
2023-08-03 18:34,0.02090142,0.03154404,-0.005197906,0.9992703
2023-08-03 18:34,0.02092331,0.03157306,-0.005169008,0.999269
2023-08-03 18:34,0.02089535,0.03154357,-0.005183444,0.9992705
2023-08-03 18:34,0.0209424,0.03151228,-0.005174137,0.9992706
2023-08-03 18:35,0.02089824,0.03152939,-0.005201491,0.9992708
2023-08-03 18:35,0.02089531,0.0315939,-0.005162755,0.999269
2023-08-03 18:35,0.02091768,0.03151371,-0.005191162,0.999271
2023-08-03 18:35,0.02091846,0.03151039,-0.005181687,0.999271
2023-08-03 18:35,0.02090681,0.03157838,-0.005167501,0.9992692
2023-08-03 18:35,0.02091555,0.03162877,-0.00520642,0.9992673
2023-08-03 18:36,0.02092183,0.03157911,-0.005174659,0.9992689
2023-08-03 18:36,0.02090818,0.03158348,-0.005169888,0.9992691
2023-08-03 18:36,0.0209071,0.03157008,-0.005174404,0.9992695
2023-08-03 18:36,0.02086047,0.03160167,-0.005180899,0.9992694
2023-08-03 18:36,0.02091623,0.03158006,-0.005115645,0.9992692
2023-08-03 18:36,0.02091319,0.03157708,-0.005142909,0.9992692
2023-08-03 18:37,0.02092793,0.0315278,-0.005170402,0.9992704
2023-08-03 18:37,0.02085171,0.03152488,-0.005169759,0.999272
2023-08-03 18:37,0.02087534,0.03152551,-0.005189124,0.9992715
2023-08-03 18:37,0.02089118,0.03156332,-0.005219799,0.9992698
2023-08-03 18:37,0.02089102,0.03152132,-0.005157039,0.9992714
2023-08-03 18:37,0.02089176,0.03158664,-0.005185267,0.9992692
2023-08-03 18:38,0.02088852,0.03159698,-0.005166294,0.9992691
2023-08-03 18:38,0.0208892,0.03155161,-0.005204084,0.9992703
2023-08-03 18:38,0.02084644,0.03159017,-0.005145671,0.9992703
2023-08-03 18:38,0.02083602,0.03160478,-0.005184801,0.9992698
2023-08-03 18:38,0.0208983,0.03157699,-0.005181986,0.9992694
2023-08-03 18:38,0.02090402,0.03162612,-0.005150083,0.9992679
2023-08-03 18:39,0.02091745,0.03158789,-0.005211283,0.9992685
2023-08-03 18:39,0.02087294,0.03158495,-0.005193185,0.9992697
2023-08-03 18:39,0.02090194,0.03163075,-0.005177455,0.9992677
2023-08-03 18:39,0.02088215,0.03163346,-0.005181465,0.999268
2023-08-03 18:39,0.02084978,0.03161734,-0.005205018,0.999269
2023-08-03 18:39,0.02090391,0.03161421,-0.005193149,0.9992681
2023-08-03 18:40,0.02088105,0.03162506,-0.005162758,0.9992683
2023-08-03 18:40,0.02086891,0.03156566,-0.005184252,0.9992703
2023-08-03 18:40,0.02088981,0.03163768,-0.005197713,0.9992675
2023-08-03 18:40,0.02087415,0.03169281,-0.00519623,0.9992661
2023-08-03 18:40,0.02088319,0.03169435,-0.005192392,0.9992659
2023-08-03 18:40,0.02085178,0.03172689,-0.005174562,0.9992656
2023-08-03 18:41,0.02086963,0.03164997,-0.005153844,0.9992678
2023-08-03 18:41,0.02090466,0.0316722,-0.005171773,0.9992663
2023-08-03 18:41,0.02089097,0.03166749,-0.005173448,0.9992667
2023-08-03 18:41,0.02091083,0.03174944,-0.005197124,0.9992636
2023-08-03 18:41,0.02092552,0.0317607,-0.005158544,0.9992631
2023-08-03 18:41,0.0208781,0.03173434,-0.005175226,0.9992649
2023-08-03 18:42,0.0208634,0.03171764,-0.005162071,0.9992657
2023-08-03 18:42,0.02094137,0.03174671,-0.005158557,0.9992633
2023-08-03 18:42,0.02088213,0.03168441,-0.005155799,0.9992665
2023-08-03 18:42,0.02085444,0.03165839,-0.005197083,0.9992676
2023-08-03 18:42,0.02095081,0.03173032,-0.005159442,0.9992636
2023-08-03 18:42,0.02087486,0.03170189,-0.005206329,0.9992658
2023-08-03 18:43,0.02087191,0.0316716,-0.00513519,0.9992672
2023-08-03 18:43,0.02092053,0.03171391,-0.005133552,0.9992648
2023-08-03 18:43,0.02088039,0.03174469,-0.005183225,0.9992644
2023-08-03 18:43,0.02095707,0.03175749,-0.005174361,0.9992624
2023-08-03 18:43,0.02092049,0.0317332,-0.005195266,0.9992639
2023-08-03 18:43,0.02089346,0.03176268,-0.005180118,0.9992636
2023-08-03 18:44,0.02091211,0.03177701,-0.005148579,0.9992629
2023-08-03 18:44,0.02092073,0.0317994,-0.005196929,0.9992618
2023-08-03 18:44,0.02091075,0.03178204,-0.005163325,0.9992628
2023-08-03 18:44,0.02090297,0.03173548,-0.005176088,0.9992643
2023-08-03 18:44,0.02084589,0.03178763,-0.005158208,0.9992639
2023-08-03 18:44,0.02092213,0.0318565,-0.00522855,0.9992598
2023-08-03 18:45,0.02087339,0.03178616,-0.005183967,0.9992633
2023-08-03 18:45,0.02092317,0.03176565,-0.005190143,0.9992628
2023-08-03 18:45,0.02092876,0.03176096,-0.005136172,0.9992632
2023-08-03 18:45,0.02088612,0.03184557,-0.005196056,0.9992611
2023-08-03 18:45,0.0208869,0.03189941,-0.00518264,0.9992594
2023-08-03 18:45,0.02090888,0.03191439,-0.005159523,0.9992585
2023-08-03 18:46,0.02091232,0.03194622,-0.00519125,0.9992573
2023-08-03 18:46,0.02090297,0.03190874,-0.005182869,0.9992588
2023-08-03 18:46,0.02089304,0.03195524,-0.005140922,0.9992577
2023-08-03 18:46,0.02090141,0.03197972,-0.005177775,0.9992565
2023-08-03 18:46,0.0209036,0.03196743,-0.005165331,0.9992569
2023-08-03 18:46,0.0209342,0.03198324,-0.00522879,0.9992555
2023-08-03 18:47,0.02085198,0.03195946,-0.005197969,0.9992582
2023-08-03 18:47,0.02088637,0.03205804,-0.005183049,0.9992543
2023-08-03 18:47,0.0208993,0.03201033,-0.005189573,0.9992555
2023-08-03 18:47,0.02090248,0.03208084,-0.00518848,0.9992533
2023-08-03 18:47,0.02089896,0.03207325,-0.00520163,0.9992535
2023-08-03 18:47,0.02087094,0.03209493,-0.005162795,0.9992536
2023-08-03 18:48,0.02088735,0.03201905,-0.005166143,0.9992555
2023-08-03 18:48,0.02085159,0.03201723,-0.005191389,0.9992563
2023-08-03 18:48,0.02089117,0.03198846,-0.005198955,0.9992564
2023-08-03 18:48,0.02092141,0.03192106,-0.005183403,0.9992579
2023-08-03 18:48,0.02090006,0.03192054,-0.005199283,0.9992584
2023-08-03 18:48,0.02087587,0.03198897,-0.005204602,0.9992566
2023-08-03 18:49,0.02089402,0.03199344,-0.005221721,0.9992561
2023-08-03 18:49,0.02088262,0.03200584,-0.005201614,0.999256
2023-08-03 18:49,0.02093389,0.03197145,-0.005179791,0.9992561
2023-08-03 18:49,0.02092653,0.03201071,-0.005191836,0.9992549
2023-08-03 18:49,0.02090329,0.03200432,-0.00517585,0.9992557
2023-08-03 18:49,0.02089827,0.0319878,-0.005187533,0.9992563
2023-08-03 18:50,0.0208685,0.03197284,-0.005133322,0.9992577
2023-08-03 18:50,0.02084794,0.03201084,-0.00519388,0.9992566
2023-08-03 18:50,0.02087834,0.03207321,-0.005182227,0.999254
2023-08-03 18:50,0.02087511,0.03203946,-0.005185901,0.9992552
2023-08-03 18:50,0.02086855,0.03210622,-0.005175359,0.9992532
2023-08-03 18:50,0.02084501,0.03201249,-0.005191539,0.9992566
2023-08-03 18:51,0.02083921,0.03211567,-0.005208517,0.9992533
2023-08-03 18:51,0.02087276,0.03206853,-0.005165767,0.9992543
2023-08-03 18:51,0.02086456,0.03199804,-0.005153045,0.9992569
2023-08-03 18:51,0.02089133,0.03196568,-0.005205814,0.999257
2023-08-03 18:51,0.02089925,0.03201006,-0.005165989,0.9992556
2023-08-03 18:51,0.02089227,0.03215709,-0.005159541,0.9992511
2023-08-03 18:52,0.0209094,0.03217667,-0.005177031,0.9992501
2023-08-03 18:52,0.02087829,0.03210001,-0.005182058,0.9992531
2023-08-03 18:52,0.02089464,0.03209829,-0.005168604,0.9992529
2023-08-03 18:52,0.0209052,0.03212302,-0.005199416,0.9992518
2023-08-03 18:52,0.02092329,0.0321014,-0.005203337,0.9992521
2023-08-03 18:52,0.02086565,0.03212626,-0.005200867,0.9992525
2023-08-03 18:53,0.02088173,0.03210964,-0.005170932,0.9992528
2023-08-03 18:53,0.02085649,0.03211673,-0.005213508,0.9992529
2023-08-03 18:53,0.02085405,0.03212193,-0.005195551,0.9992529
2023-08-03 18:53,0.02088909,0.03210649,-0.00518691,0.9992527
2023-08-03 18:53,0.02094045,0.03215099,-0.005182353,0.9992502
2023-08-03 18:53,0.02089613,0.03209767,-0.005190865,0.9992529
2023-08-03 18:54,0.02092298,0.03211759,-0.005148436,0.9992518
2023-08-03 18:54,0.02086172,0.03210216,-0.005191533,0.9992533
2023-08-03 18:54,0.02087451,0.03211496,-0.0051774,0.9992528
2023-08-03 18:54,0.02087859,0.03209616,-0.005194089,0.9992532
2023-08-03 18:54,0.02088292,0.03205224,-0.005191809,0.9992545
2023-08-03 18:54,0.02092313,0.03206351,-0.005161762,0.9992535
2023-08-03 18:55,0.02087391,0.03205681,-0.005177243,0.9992546
2023-08-03 18:55,0.02091423,0.03216023,-0.005176269,0.9992505
2023-08-03 18:55,0.02089902,0.03213776,-0.005130545,0.9992518
2023-08-03 18:55,0.02089761,0.03221742,-0.005181904,0.9992489
2023-08-03 18:55,0.02086798,0.03216755,-0.005184701,0.9992512
2023-08-03 18:55,0.02088136,0.03221118,-0.005197345,0.9992494
2023-08-03 18:56,0.02089657,0.03215303,-0.005210909,0.9992509
2023-08-03 18:56,0.0208697,0.0321612,-0.00516515,0.9992514
2023-08-03 18:56,0.02087937,0.03216201,-0.005185168,0.9992511
2023-08-03 18:56,0.0208838,0.03213315,-0.005130078,0.9992523
2023-08-03 18:56,0.02088666,0.03214353,-0.005203558,0.9992515
2023-08-03 18:56,0.0208607,0.03212003,-0.005160632,0.999253
2023-08-03 18:57,0.0208947,0.03215702,-0.005193987,0.9992509
2023-08-03 18:57,0.02090123,0.03215108,-0.005217573,0.9992509
2023-08-03 18:57,0.02088179,0.03218179,-0.005165119,0.9992505
2023-08-03 18:57,0.02090587,0.03215576,-0.005227859,0.9992505
2023-08-03 18:57,0.02085014,0.03219247,-0.005174678,0.9992508
2023-08-03 18:57,0.02086969,0.03222138,-0.005169521,0.9992495
2023-08-03 18:58,0.02084307,0.03220115,-0.005181895,0.9992507
2023-08-03 18:58,0.02082154,0.03222526,-0.005168832,0.9992503
2023-08-03 18:58,0.0208802,0.03220802,-0.005173799,0.9992497
2023-08-03 18:58,0.02084292,0.03224371,-0.005166197,0.9992493
2023-08-03 18:58,0.02087455,0.03222883,-0.005168288,0.9992492
2023-08-03 18:58,0.02084646,0.03225083,-0.005177421,0.999249
2023-08-03 18:59,0.02091049,0.03219811,-0.005194261,0.9992493
2023-08-03 18:59,0.02087813,0.03220934,-0.005190117,0.9992496
2023-08-03 18:59,0.0208162,0.03222093,-0.005184105,0.9992505
2023-08-03 18:59,0.02087297,0.03219321,-0.005147982,0.9992504
2023-08-03 18:59,0.02087071,0.0321865,-0.005169465,0.9992505
2023-08-03 18:59,0.02086429,0.03215354,-0.005185205,0.9992517
2023-08-03 19:00,0.02087433,0.03220398,-0.005164286,0.99925
2023-08-03 19:00,0.02085899,0.03212016,-0.005174606,0.9992529
2023-08-03 19:00,0.02086371,0.03219248,-0.005193786,0.9992504
2023-08-03 19:00,0.02087509,0.03228934,-0.005192866,0.9992471
2023-08-03 19:00,0.02086146,0.03224218,-0.005171783,0.9992489
2023-08-03 19:00,0.02082139,0.0322835,-0.005167491,0.9992484
2023-08-03 19:01,0.02086085,0.03230991,-0.005174995,0.9992468
2023-08-03 19:01,0.02089076,0.03225899,-0.005217125,0.9992476
2023-08-03 19:01,0.0208497,0.03226593,-0.00521522,0.9992482
2023-08-03 19:01,0.02083732,0.03228292,-0.005241585,0.9992478
2023-08-03 19:01,0.02081662,0.03224273,-0.005205466,0.9992498
2023-08-03 19:01,0.02086161,0.03216923,-0.005212713,0.9992511
2023-08-03 19:02,0.02085558,0.03221999,-0.005198452,0.9992497
2023-08-03 19:02,0.02089496,0.03221152,-0.005138837,0.9992495
2023-08-03 19:02,0.02086501,0.03218958,-0.00518267,0.9992505
2023-08-03 19:02,0.02087501,0.03228078,-0.005198535,0.9992473
2023-08-03 19:02,0.02087198,0.03223404,-0.005214426,0.9992487
2023-08-03 19:02,0.02083397,0.03225571,-0.0052004,0.9992489
2023-08-03 19:03,0.02085869,0.0322637,-0.005184353,0.9992483
2023-08-03 19:03,0.02081589,0.03225575,-0.005232334,0.9992491
2023-08-03 19:03,0.020873,0.03235171,-0.005166304,0.9992452
2023-08-03 19:03,0.02080965,0.0323723,-0.00521953,0.9992456
2023-08-03 19:03,0.02079753,0.03242465,-0.005230568,0.9992441
2023-08-03 19:03,0.02084534,0.03234592,-0.005149113,0.9992461
2023-08-03 19:04,0.02085131,0.03227648,-0.00520911,0.9992478
2023-08-03 19:04,0.02077403,0.0322424,-0.005165095,0.9992508
